id,shortMessage,verseReference,verseText,reflection,action,optionalSaintOrFeast
1,"You are known and loved by name.","Isaiah 43:1","Do not fear, for I have redeemed you; I have called you by name, you are mine.","God does not love you as part of a crowd. He knows your name, your story, and every quiet hope you carry. You are not overlooked.","Say your own name aloud and follow it with: I am loved.","St. Agnes of Rome"
2,"His mercies begin fresh every morning.","Lamentations 3:22–23","The steadfast love of the Lord never ceases; his mercies never come to an end. They are new every morning; great is your faithfulness.","Whatever yesterday held — regret, worry, or disappointment — this morning is a clean beginning. His faithfulness does not depend on yours.","Before you check your phone today, take one slow breath and say: Thank you for this morning.","St. Thérèse of Lisieux"
3,"God's presence goes with you today.","Exodus 33:14","My presence will go with you, and I will give you rest.","You are not navigating today alone. The same God who parted the sea walks with you through an ordinary Wednesday. That is not a small thing.","Pick one moment today — a commute, a meal, a quiet minute — and simply say: You are here.",""
4,"You are God's handiwork.","Ephesians 2:10","For we are God's handiwork, created in Christ Jesus to do good works, which God prepared in advance for us to do.","You were not assembled by accident. The word translated handiwork is poiema — the root of poem. You are something God composed with intention.","Do one small good thing today without announcing it to anyone.",""
5,"Cast your anxiety — he genuinely cares.","1 Peter 5:7","Cast all your anxiety on him because he cares for you.","Casting is an active movement — it takes something heavy and puts it somewhere else. God is not asking you to pretend the weight isn't real. He's asking you to hand it over.","Write down the one thing weighing on you most, then place the paper somewhere out of sight as a small act of release.","St. Peter, Apostle"
6,"His love holds you in this very moment.","Romans 8:38–39","Neither death nor life, nor angels nor rulers, nor things present nor things to come, nor powers, nor height nor depth, nor anything else in all creation, will be able to separate us from the love of God in Christ Jesus our Lord.","Paul lists everything that might compete with God's love — and all of it falls short. There is no circumstance that puts you outside of it.","Text or call one person today simply to say you were thinking of them.","Feast of the Sacred Heart"
7,"Still waters are waiting for you.","Psalm 23:2–3","He makes me lie down in green pastures. He leads me beside still waters. He restores my soul.","Rest is not earned. A shepherd does not make the sheep run a lap before letting them drink. The rest God offers is a gift, not a reward.","Spend five minutes outside today — sit, walk slowly, or just look at the sky.",""
8,"You do not have to be afraid.","Joshua 1:9","Be strong and courageous. Do not be afraid; do not be discouraged, for the Lord your God will be with you wherever you go.","This was said to Joshua at the edge of the unknown. Whatever threshold you are standing at today — a new season, a hard conversation, an uncertain path — the same word holds.","Do one thing today that you have been putting off because it feels daunting.",""
9,"Your prayers are heard.","Matthew 7:7","Ask and it will be given to you; seek and you will find; knock and the door will be opened to you.","Prayer is not a performance and God is not a vending machine. But the invitation to ask — to bring your honest self and your actual needs — is genuine.","Spend two minutes praying for something specific, not in polished language, just honestly.",""
10,"Goodness is following you.","Psalm 23:6","Surely goodness and mercy shall follow me all the days of my life, and I shall dwell in the house of the Lord forever.","The Hebrew word for follow here implies a persistent pursuit. Goodness and mercy are not occasional visitors — they are companions walking behind you even when you cannot see them.","Notice one specific thing today that you might normally walk past without gratitude.","St. Francis of Assisi"
11,"You are never too far from grace.","Luke 15:20","But while he was still a long way off, his father saw him and was filled with compassion for him; he ran to his son.","The father in this story does not wait for an apology or a plan. He runs. That is the character of the God you are returning to — always moving toward you.","If there is something you have been carrying with guilt today, bring it to God in prayer and let it go.",""
12,"Peace is a gift, not an achievement.","John 14:27","Peace I leave with you; my peace I give you. I do not give to you as the world gives. Do not let your hearts be troubled and do not be afraid.","Jesus said this the night before he was crucified. The peace he offers does not depend on calm circumstances — it is deeper than circumstances.","When you feel anxious today, pause and say quietly: Peace I give you. Just sit with those words.",""
13,"Your weakness is not an obstacle to God.","2 Corinthians 12:9","My grace is sufficient for you, for my power is made perfect in weakness.","You do not need to be at full strength for God to work through you. He is not waiting for a better version of you. He works with you as you are.","Name one area where you feel weak. Ask God to be present in that specific place today.","St. Paul, Apostle"
14,"Light is already shining in the dark.","John 1:5","The light shines in the darkness, and the darkness has not overcome it.","This was true before the resurrection, before Easter morning, before any of the story we know. The light was never in danger. Whatever feels dark today — it has not overcome the light.","Light a candle or turn off the overhead light for a few minutes. Sit in quiet.",""
15,"You are enough, right now.","Zephaniah 3:17","The Lord your God is with you, the Mighty Warrior who saves. He will take great delight in you; in his love he will no longer rebuke you, but will rejoice over you with singing.","God rejoices over you with singing. Not over who you might become, or who you were before you made that mistake. You, today, are a source of joy to him.","Do something kind for yourself today — rest, good food, a quiet walk. Receive it without guilt.","Feast of the Annunciation"
16,"The Lord is close to the brokenhearted.","Psalm 34:18","The Lord is close to the brokenhearted and saves those who are crushed in spirit.","There is no requirement to be okay. God is not found at the top of the mountain of healing — he is already in the valley, right next to the broken parts.","If you or someone you know is hurting, bring that person by name to God in prayer today.",""
17,"Seek first, and the rest will follow.","Matthew 6:33","But seek first his kingdom and his righteousness, and all these things will be given to you as well.","The invitation is not to stop caring about your needs — it is to reorder where you start. Begin with God, and watch how the rest of the day realigns.","Before opening your to-do list this morning, spend one minute in silence with God.",""
18,"You are a letter written by Christ.","2 Corinthians 3:3","You show that you are a letter from Christ, written not with ink but with the Spirit of the living God, not on tablets of stone but on tablets of human hearts.","Your life is a readable message. Not a finished one — letters are written over time. But something of God is already being written into you.","Ask: what do I want people to read in how I lived today?",""
19,"Hold on — morning is coming.","Psalm 30:5","Weeping may stay for the night, but rejoicing comes in the morning.","This verse does not minimize night. It just refuses to let night have the last word. Whatever long night you are in — God has already planned the dawn.","If you are in a hard season, write down one thing you are holding onto hope for.",""
20,"God gives power to the weary.","Isaiah 40:31","But those who hope in the Lord will renew their strength. They will soar on wings like eagles; they will run and not grow weary, they will walk and not be faint.","Soaring sounds spectacular. But notice that walking is also on the list. Sometimes faithfulness just looks like taking the next ordinary step without quitting.","Drink a full glass of water, take a slow breath, and take the next step in front of you.","St. Isaiah"
21,"He numbers every hair on your head.","Luke 12:7","Indeed, the very hairs of your head are all numbered. Don't be afraid; you are worth more than many sparrows.","The image is almost absurd in its specificity. God's attention to you is not general or distant — it is intimate and particular. You are not a statistic to him.","Name one specific thing about yourself you tend to overlook or dismiss, and thank God for it.",""
22,"Love is patient — and it starts with yourself.","1 Corinthians 13:4","Love is patient, love is kind. It does not envy, it does not boast, it is not proud.","We often read this passage as a description of how to love others. But it is also a picture of how God loves us — patiently, without conditions, without keeping score.","Extend to yourself today the same patience you would offer a close friend.","St. Valentine"
23,"Trust the process of becoming.","Philippians 1:6","Being confident of this, that he who began a good work in you will carry it on to completion until the day of Christ Jesus.","God does not start projects and abandon them. He is working in you — slowly, beneath the surface, with more patience than you give yourself. You are unfinished, not broken.","Name one way you have grown in the last year. Write it down.",""
24,"Come as you are.","Matthew 11:28","Come to me, all you who are weary and burdened, and I will give you rest.","There is no dress code for this invitation. Weary and burdened are the exact qualifications — not polished and put-together. He is calling you as you are, today.","Take five minutes to sit quietly with no task, no phone. Just rest.",""
25,"Goodness grows from small seeds.","Matthew 13:31–32","The kingdom of heaven is like a mustard seed, which a man took and planted in his field. Though it is the smallest of all seeds, yet when it grows, it is the largest of garden plants.","Do not despise the smallness of today. A kind word, a quiet prayer, a meal shared — these are the seeds. The harvest belongs to God.","Do one very small kind act today and resist the urge to measure its impact.","St. Isidore the Farmer"
26,"He is making something new.","Isaiah 43:19","See, I am doing a new thing! Now it springs up; do you not perceive it? I am making a way in the wilderness and streams in the wasteland.","The wilderness is not where the story ends — it is where the unexpected path appears. God is not waiting for your life to calm down to start working. He is working in the middle of it.","Ask yourself: where do I see something new beginning, even if it is fragile?",""
27,"You are the sheep he leaves ninety-nine for.","Luke 15:4","Suppose one of you has a hundred sheep and loses one of them. Doesn't he leave the ninety-nine in the open country and go after the lost sheep until he finds it?","The math of this parable does not make sense by human standards — which is the point. You are not too small to be searched for. He comes after you specifically.","If you have drifted from prayer or community, take one small step back today.",""
28,"Gratitude opens your eyes to abundance.","1 Thessalonians 5:18","Give thanks in all circumstances; for this is God's will for you in Christ Jesus.","This does not say give thanks for all things — some things should not be celebrated. It says in all circumstances. Gratitude is possible even inside difficulty.","List three specific things — however small — you are grateful for right now.","St. Elizabeth Ann Seton"
29,"You are held by an everlasting love.","Jeremiah 31:3","I have loved you with an everlasting love; I have drawn you with unfailing kindness.","Everlasting means it did not start when you first believed and it does not end when you doubt. It is not responsive to your performance. It simply is.","Sit quietly for a moment and let yourself receive that sentence: I have loved you.",""
30,"His joy is your strength.","Nehemiah 8:10","Do not grieve, for the joy of the Lord is your strength.","Joy here is not optimism or good mood. It is the settled confidence that God is good and that the story ends well. That is a kind of strength that does not deplete when circumstances shift.","Find one moment today to laugh, play, or simply delight in something without guilt.","St. Philip Neri"
